Participant ID,Right Handed?,Rotating Targets?,Trial Number,Global Time,Target Number,Target Time,Weight Shift Success?,Hit Success?,Random Sequence?,X Coord of COP,Y Coord of COP,COP Total Path,Trial Score,Cumulative Score,Green Time,Yellow Time,Red Time,Preceding Green Time,Preceding Yellow Time,Preceding Red Time
MurrayFullBody,NO,NO,1,10.00007,2,10.00007,NO,NO,YES,-0.6699531,-3.487646,83.54647,0,0,0,4.566662,5.43334,0,1.122237,0.8777895
MurrayFullBody,NO,NO,2,19.99986,3,10.00007,NO,NO,YES,-13.39383,0.9717554,117.713,0,0,1.911115,8.011152,0.07777778,0,2.010965,0
MurrayFullBody,NO,NO,3,22.35524,4,2.355556,YES,YES,YES,10.40797,3.853726,36.33472,11.99571,11.99571,0.5222223,0.1555556,1.677781,0.5221844,0.1555443,1.333237
MurrayFullBody,NO,NO,4,32.35458,2,10.00007,YES,NO,YES,-7.947814,-0.4811549,125.5559,0,11.99571,0.6777782,5.933347,3.388881,0.02222443,0.8999729,1.088827
MurrayFullBody,NO,NO,5,34.75481,4,2.400001,YES,YES,YES,10.66295,4.199908,39.85025,11.22232,23.21803,0.4111111,0.4,1.588892,0.4000397,0.4000397,1.200119
